{
  "table_of_contents": [
    {
      "title": "S u p p l e m e n t a r y I n f o r m a t i o n",
      "heading_level": null,
      "page_id": 0,
      "polygon": [
        [
          160.05859375,
          74.00390625
        ],
        [
          434.6528625488281,
          74.00390625
        ],
        [
          434.6528625488281,
          91.30999755859375
        ],
        [
          160.05859375,
          91.30999755859375
        ]
      ]
    },
    {
      "title": "Rapidly increasing likelihood of exceeding 50 \u00b0C in parts of the \nMediterranean and the Middle East due to human influence",
      "heading_level": null,
      "page_id": 0,
      "polygon": [
        [
          72.02399444580078,
          133.20703125
        ],
        [
          487.2873229980469,
          133.20703125
        ],
        [
          487.2873229980469,
          170.52996826171875
        ],
        [
          72.02399444580078,
          170.52996826171875
        ]
      ]
    },
    {
      "title": "*Corresponding Author:",
      "heading_level": null,
      "page_id": 0,
      "polygon": [
        [
          71.0078125,
          635.5200042724609
        ],
        [
          187.70399475097656,
          635.5200042724609
        ],
        [
          187.70399475097656,
          648.510009765625
        ],
        [
          71.0078125,
          648.510009765625
        ]
      ]
    },
    {
      "title": "Return Time for tx01 > 50 0C",
      "heading_level": null,
      "page_id": 3,
      "polygon": [
        [
          249.400390625,
          366.82000732421875
        ],
        [
          394.13800048828125,
          366.82000732421875
        ],
        [
          394.13800048828125,
          379.80999755859375
        ],
        [
          249.400390625,
          379.80999755859375
        ]
      ]
    }
  ],
  "page_stats": [
    {
      "page_id": 0,
      "text_extraction_method": "pdftext",
      "block_counts": [
        [
          "Span",
          34
        ],
        [
          "Line",
          14
        ],
        [
          "Text",
          6
        ],
        [
          "SectionHeader",
          3
        ],
        [
          "Footnote",
          1
        ],
        [
          "PageFooter",
          1
        ]
      ],
      "block_metadata": {
        "llm_request_count": 0,
        "llm_error_count": 0,
        "llm_tokens_used": 0,
        "previous_text": "",
        "previous_type": "",
        "previous_order": 0
      }
    },
    {
      "page_id": 1,
      "text_extraction_method": "pdftext",
      "block_counts": [
        [
          "Span",
          139
        ],
        [
          "Line",
          56
        ],
        [
          "TableCell",
          52
        ],
        [
          "Text",
          1
        ],
        [
          "Table",
          1
        ],
        [
          "Figure",
          1
        ],
        [
          "Caption",
          1
        ],
        [
          "PageFooter",
          1
        ],
        [
          "FigureGroup",
          1
        ]
      ],
      "block_metadata": {
        "llm_request_count": 0,
        "llm_error_count": 0,
        "llm_tokens_used": 0,
        "previous_text": "",
        "previous_type": "",
        "previous_order": 0
      }
    },
    {
      "page_id": 2,
      "text_extraction_method": "pdftext",
      "block_counts": [
        [
          "Span",
          22
        ],
        [
          "Line",
          5
        ],
        [
          "Figure",
          1
        ],
        [
          "Caption",
          1
        ],
        [
          "PageFooter",
          1
        ],
        [
          "FigureGroup",
          1
        ]
      ],
      "block_metadata": {
        "llm_request_count": 0,
        "llm_error_count": 0,
        "llm_tokens_used": 0,
        "previous_text": "",
        "previous_type": "",
        "previous_order": 0
      }
    },
    {
      "page_id": 3,
      "text_extraction_method": "pdftext",
      "block_counts": [
        [
          "Span",
          559
        ],
        [
          "Line",
          112
        ],
        [
          "TableCell",
          108
        ],
        [
          "Table",
          2
        ],
        [
          "Text",
          1
        ],
        [
          "SectionHeader",
          1
        ],
        [
          "PageFooter",
          1
        ]
      ],
      "block_metadata": {
        "llm_request_count": 0,
        "llm_error_count": 0,
        "llm_tokens_used": 0,
        "previous_text": "",
        "previous_type": "",
        "previous_order": 0
      }
    }
  ],
  "debug_data_path": "debug_data/41612_2023_377_MOESM1_ESM"
}